vuelta,diente,tiempo(ms),presion,par
0,1,0.0653,0.25,0.05
0,2,0.0799,0.25,0.05
0,3,0.0694,0.5,0.1
0,4,0.0629,0.75,0.15
0,5,0.0977,1,0.2
0,6,0.0783,1.25,0.25
0,7,0.0658,1.5,0.3
0,8,0.0998,1.75,0.35
0,9,0.0663,2,0.4
0,10,0.0662,2.25,0.45
0,11,0.0502,2.5,0.5
0,12,0.0657,2.75,0.55
0,13,0.085,3,0.6
0,14,0.0697,3.25,0.65
0,15,0.0531,3.5,0.7
0,16,0.072,3.75,0.75
0,17,0.0999,4,0.8
0,18,0.0807,4.25,0.85
0,19,0.0985,4.5,0.9
0,20,0.0731,4.75,0.95
0,21,0.0657,5,1
0,22,0.0535,5.25,1.05
0,23,0.0815,5.5,1.1
0,24,0.0522,5.75,1.15
0,25,0.0869,6,1.2
0,26,0.088,6.25,1.25
0,27,0.0638,6.5,1.3
0,28,0.0963,6.75,1.35
0,29,0.0622,7,1.4
0,30,0.0583,7.25,1.45
0,31,0.063,7.5,1.5
0,32,0.0814,7.75,1.55
0,33,0.0504,8,1.6
0,34,0.0702,8.25,1.65
0,35,0.0854,8.5,1.7
0,36,0.0969,8.75,1.75
0,37,0.0847,9,1.8
0,38,0.0867,9.25,1.85
0,39,0.0953,9.5,1.9
0,40,0.0602,9.75,1.95
0,41,0.069,10,2
0,42,0.0846,10.25,5.242
0,43,0.0742,10.5,3.456
0,44,0.0925,10.75,5.378
0,45,0.0872,11,3.281
0,46,0.0766,11.25,4.125
0,47,0.0583,11.5,3.925
0,48,0.0511,11.75,2.879
0,49,0.0518,12,4.711
0,50,0.0664,12.25,4.599
0,51,0.0595,12.5,3.963
0,52,0.0873,12.75,4.148
0,53,0.0674,13,2.928
0,54,0.0713,13.25,2.746
0,55,0.0893,13.5,2.936
0,56,0.0792,13.75,4.839
0,57,0.0507,14,5.061
0,58,0.053,14.25,5.991
0,59,0.0829,14.5,5.03
0,60,0.0947,14.75,4.283
0,61,0.0666,15,2.413
0,62,0.0628,15.25,4.482
0,63,0.0632,15.5,5.323
0,64,0.0804,15.75,4.793
0,65,0.0657,16,4.001
0,66,0.0706,16.25,2.204
0,67,0.0738,16.5,4.826
0,68,0.0804,16.75,2.17
0,69,0.052,17,2.833
0,70,0.0512,17.25,4.383
0,71,0.0751,17.5,2.767
0,72,0.0793,17.75,2.659
0,73,0.0919,18,2.396
0,74,0.0929,18.25,3.518
0,75,0.0753,18.5,3.848
0,76,0.0879,18.75,3.744
0,77,0.0574,19,3.915
0,78,0.0529,19.25,4.587
0,79,0.099,19.5,2.202
0,80,0.0758,19.75,3.761
0,81,0.0876,20,2.554
0,82,0.0997,20.25,2.696
0,83,0.0507,20.5,3.367
0,84,0.0962,20.75,4.279
0,85,0.0723,21,5.147
0,86,0.0861,21.25,4.799
0,87,0.0721,21.5,5.995
0,88,0.0976,21.75,5.147
0,89,0.061,22,3.481
0,90,0.058,22.25,4.946
0,91,0.0733,22.5,4.701
0,92,0.0564,22.75,5.097
0,93,0.0863,23,2.429
0,94,0.0536,23.25,4.534
0,95,0.087,23.5,3.582
0,96,0.0519,23.75,3.677
0,97,0.0851,24,2.285
0,98,0.0548,24.25,2.081
0,99,0.0595,24.5,4.281
0,100,0.097,24.75,3.282
0,101,0.091,25,4.724
0,102,0.0713,25.25,4.376
0,103,0.0621,25.5,3.906
0,104,0.0985,25.75,4.094
0,105,0.0754,26,4.561
0,106,0.0625,26.25,5.909
0,107,0.083,26.5,3.492
0,108,0.0999,26.75,5.384
0,109,0.0781,27,2.408
0,110,0.0862,27.25,2.858
0,111,0.0614,27.5,2.354
0,112,0.0577,27.75,2.565
0,113,0.0767,28,3.418
0,114,0.0593,28.25,3.408
0,115,0.0506,28.5,2.468
0,116,0.0936,28.75,5.03
0,117,0.0624,29,4.669
0,118,0.0996,29.25,3.648
0,119,0.0777,29.5,3.276
0,120,0.0743,29.75,4.377
0,121,0.0747,30,2.238
0,122,0.0911,30.25,3.995
0,123,0.0832,30.5,3.768
0,124,0.0983,30.75,3.628
0,125,0.0618,31,4.025
0,126,0.08,31.25,3.541
0,127,0.0799,31.5,5.9
0,128,0.0652,31.75,3.743
0,129,0.0901,32,3.84
0,130,0.0759,32.25,4.105
0,131,0.0845,32.5,5.868
0,132,0.0698,32.75,3.621
0,133,0.0672,33,2.104
0,134,0.0955,33.25,5.92
0,135,0.0996,33.5,4.87
0,136,0.0574,33.75,5.181
0,137,0.0748,34,4.606
0,138,0.0761,34.25,3.248
0,139,0.0691,34.5,4.63
0,140,0.0723,34.75,2.381
0,141,0.0874,35,2.094
0,142,0.0567,35.25,4.062
0,143,0.0996,35.5,4.869
0,144,0.0937,35.75,2.836
0,145,0.0682,36,5.989
0,146,0.0544,36.25,4.308
0,147,0.0678,36.5,5.94
0,148,0.0755,36.75,4.659
0,149,0.0742,37,2.049
0,150,0.0596,37.25,3.663
0,151,0.0614,37.5,5.103
0,152,0.0997,37.75,2.274
0,153,0.0906,38,5.024
0,154,0.0616,38.25,5.105
0,155,0.0716,38.5,3.124
0,156,0.0607,38.75,5.415
0,157,0.0811,39,3.092
0,158,0.0569,39.25,4.252
0,159,0.0791,39.5,5.344
0,160,0.0758,39.75,5.616
0,161,0.0589,40,3.411
0,162,0.0642,78.7,2.978
0,163,0.0507,65.8,2.124
0,164,0.057,67.72,5.941
0,165,0.0958,67.04,3.679
0,166,0.0701,61.72,5.945
0,167,0.0881,71.54,3.531
0,168,0.0859,78.21,2.82
0,169,0.065,56.38,5.148
0,170,0.063,46.47,3.807
0,171,0.0773,77.96,3.497
0,172,0.0564,61.09,4.946
0,173,0.0601,51.59,3.405
0,174,0.0715,40.31,3.415
0,175,0.0954,46.59,4.802
0,176,0.0537,66.85,4.253
0,177,0.0932,51.93,4.375
0,178,0.0848,57.74,5.812
0,179,0.088,65.35,5.519
0,180,0.0588,78.62,2.037
0,181,0.0557,67.68,3.978
0,182,0.0695,55.5,3.815
0,183,0.0531,51.19,2.389
0,184,0.0639,58.41,5.309
0,185,0.0754,68.97,4.16
0,186,0.0853,54.28,5.878
0,187,0.0986,69.5,4.044
0,188,0.0695,55.11,5.093
0,189,0.0502,50.72,4.678
0,190,0.0537,54.61,5.252
0,191,0.066,49.94,2.246
0,192,0.0935,75.41,5.561
0,193,0.0691,52.06,2.801
0,194,0.0642,59.11,3.818
0,195,0.0899,69.72,4.821
0,196,0.0814,66,4.213
0,197,0.0912,52.22,2.481
0,198,0.079,75.96,3.219
0,199,0.0983,43.38,2.477
0,200,0.0977,68.18,2.19
0,201,0.063,71.79,4.758
0,202,0.0525,55.84,2.873
0,203,0.0798,62.61,4.693
0,204,0.0775,68.47,2.365
0,205,0.0985,79.64,2.857
0,206,0.0729,40.47,3.182
0,207,0.0887,48.76,2.342
0,208,0.0852,64.56,5.769
0,209,0.0582,71.06,4.744
0,210,0.0824,59.72,4.769
0,211,0.0571,42.99,3.315
0,212,0.0785,77.65,4.854
0,213,0.0848,64.84,3.653
0,214,0.0969,64.54,4.978
0,215,0.0587,56.63,2.451
0,216,0.0543,61.06,3.479
0,217,0.0998,66.8,4.733
0,218,0.0759,63.13,3.897
0,219,0.0981,76.3,3.582
0,220,0.056,40.72,4.771
0,221,0.0812,44.57,5.623
0,222,0.0552,49.88,4.338
0,223,0.078,59.4,3.519
0,224,0.0734,64.9,3.738
0,225,0.0566,43.82,3.929
0,226,0.0945,60.98,3.295
0,227,0.0678,43.44,3.753
0,228,0.0927,55.48,5.074
0,229,0.0943,56.61,3.226
0,230,0.0927,66.77,4.774
0,231,0.0677,51.52,4.844
0,232,0.0972,56.53,4.608
0,233,0.0724,49.76,5.544
0,234,0.0538,65.57,2.159
0,235,0.0846,45.79,3.746
0,236,0.0502,65.63,3.33
0,237,0.0872,54.42,4.546
0,238,0.0783,43.82,4.982
0,239,0.0587,45.13,3.887
0,240,0.0633,75.46,5.304
0,241,0.0663,67.48,2.003
0,242,0.0536,40.06,5.789
0,243,0.0824,50.36,4.402
0,244,0.0611,57.59,5.012
0,245,0.0501,49.79,3.51
0,246,0.0587,63.25,4.909
0,247,0.0732,76.16,4.708
0,248,0.0903,71.34,5.336
0,249,0.0922,63.77,5.631
0,250,0.0822,64.71,4.556
0,251,0.0909,79.26,3.427
0,252,0.0732,46.47,2.388
0,253,0.0633,68.8,3.135
0,254,0.055,48.62,2.96
0,255,0.0751,72.86,2.673
0,256,0.0634,58.51,4.129
0,257,0.0888,50.68,2.187
0,258,0.077,75.46,3.242
0,259,0.0794,52.55,5.697
0,260,0.0834,40.55,4.874
0,261,0.086,76.93,5.571
0,262,0.0902,77.94,5.793
0,263,0.0559,50.58,2.854
0,264,0.0958,57.59,5.975
0,265,0.0789,77.93,2.53
0,266,0.0582,64.37,4.555
0,267,0.0659,65.8,2.816
0,268,0.0627,73.44,2.626
0,269,0.0529,45.34,5.885
0,270,0.0818,41.15,5.837
0,271,0.0646,72.97,4.661
0,272,0.0897,46.62,4.015
0,273,0.065,59.66,5.773
0,274,0.0894,77.27,2.064
0,275,0.0635,55,2.51
0,276,0.0502,69.53,5.851
0,277,0.0569,73.01,4.513
0,278,0.0546,71.82,5.697
0,279,0.0569,65.53,4.753
0,280,0.0853,55.32,2.652
0,281,0.0717,49.94,5.641
0,282,0.0617,53.68,2.599
0,283,0.0686,49.73,2.104
0,284,0.0901,77.21,3.531
0,285,0.0803,49.92,3.54
0,286,0.0917,72.62,3.456
0,287,0.0696,73.78,3.451
0,288,0.0975,56.8,4.851
0,289,0.0934,70.03,2.56
0,290,0.0501,48.29,5.509
0,291,0.0754,73.17,2.053
0,292,0.0929,77.97,3.106
0,293,0.0998,41.25,2.583
0,294,0.0841,79.25,5.823
0,295,0.0743,69.01,4.881
0,296,0.0885,41.15,4.687
0,297,0.0803,64.18,3.867
0,298,0.0531,69.93,2.777
0,299,0.0812,45.18,3.325
0,300,0.0824,56.79,5.014
0,301,0.087,40.13,2.001
0,302,0.0761,43.73,3.487
0,303,0.06,42.43,5.014
0,304,0.0822,60.21,5.412
0,305,0.0637,54.39,4.826
0,306,0.0774,47.77,2.965
0,307,0.0624,55.85,4.244
0,308,0.0633,71.72,5.459
0,309,0.0761,70.42,2.176
0,310,0.0982,65.99,4.066
0,311,0.0534,67.48,4.167
0,312,0.0636,76.97,5.822
0,313,0.0622,62.73,3.052
0,314,0.0591,70.84,4.021
0,315,0.0877,48.73,4.32
0,316,0.0983,73.89,5.232
0,317,0.0682,55.01,4.276
0,318,0.056,72.71,3.59
0,319,0.0628,79.16,5.918
0,320,0.0689,78.28,5.294
0,321,0.0943,54.75,2.881
0,322,0.0601,70.53,4.709
0,323,0.0668,49.48,4.029
0,324,0.0526,40.82,5.512
0,325,0.079,60.3,4.001
0,326,0.0966,59.27,5.414
0,327,0.0554,46.4,4.96
0,328,0.0621,51.46,5.56
0,329,0.0896,55.14,3.527
0,330,0.0954,41.24,4.853
0,331,0.0839,42.75,2.345
0,332,0.08,55.14,4.951
0,333,0.0563,75.36,2.688
0,334,0.0559,74.84,3.791
0,335,0.0801,42.97,2.541
0,336,0.0547,41.96,2.109
0,337,0.0862,42.68,3.706
0,338,0.0881,69.19,2.571
0,339,0.0791,56.81,3.508
0,340,0.0969,67.68,5.776
0,341,0.0865,45.83,2.506
0,342,0.0777,79.2,3.144
0,343,0.0846,67.26,3.899
0,344,0.0578,62.12,3.217
0,345,0.0706,77.89,4.885
0,346,0.0921,76.21,5.69
0,347,0.0835,59.76,2.134
0,348,0.0593,71.13,3.598
0,349,0.0992,75.64,5.068
0,350,0.0711,50.12,5.376
0,351,0.0607,41.52,5.816
0,352,0.0634,40.27,5.391
0,353,0.055,47.32,2.896
0,354,0.0914,62.11,3.293
0,355,0.0871,46.01,5.301
0,356,0.0703,58.07,3.851
0,357,0.075,75.95,2.224
0,358,0.0686,48.68,2.206
0,359,0.0975,46.78,5.305
0,360,0.0901,56.5,2.931
1,1,0.0787,72.32,2.788
1,2,0.0815,49.15,4.721
1,3,0.0828,61,2.956
1,4,0.0559,53.14,4.979
1,5,0.053,56.38,4.813
1,6,0.0901,73.45,4.595
1,7,0.073,78.27,2.072
1,8,0.0916,59.06,5.483
1,9,0.0559,49.78,4.402
1,10,0.0675,63.52,4.75
1,11,0.0922,47.2,3.521
1,12,0.0599,41.46,3.792
1,13,0.0875,71.95,2.137
1,14,0.0831,67.05,4.933
1,15,0.0825,53.27,4.031
1,16,0.0613,56.14,5.893
1,17,0.0783,66.7,3.839
1,18,0.0876,78.89,2.65
1,19,0.0517,48.21,2.349
1,20,0.0887,59.12,5.045
1,21,0.09,74.48,3.229
1,22,0.0826,69.71,3.305
1,23,0.0838,70.39,3.6
1,24,0.0857,45.16,4.545
1,25,0.0575,55.9,2.357
1,26,0.079,69.24,4.251
1,27,0.0502,64.22,5.097
1,28,0.0977,44.16,2.951
1,29,0.097,61,3.108
1,30,0.0855,73.66,2.789
1,31,0.0627,56.19,4.518
1,32,0.0981,60.68,5.944
1,33,0.0749,41.56,3.185
1,34,0.0522,54.98,5.984
1,35,0.0565,51.37,3.043
1,36,0.0647,67.25,4.963
1,37,0.0953,75.52,3.576
1,38,0.0754,74.63,4.536
1,39,0.0506,53.06,2.578
1,40,0.0747,74.78,5.527
1,41,0.0992,73.69,3.388
1,42,0.0999,49.92,2.225
1,43,0.0607,65.74,5.93
1,44,0.0597,65.26,3.1
1,45,0.0635,72.07,3.34
1,46,0.0536,67.3,4.138
1,47,0.0599,73.61,4.645
1,48,0.0678,50.91,3.882
1,49,0.0773,61.95,5.38
1,50,0.074,42.36,2.437
1,51,0.0595,51.54,3.66
1,52,0.0557,71.51,5.088
1,53,0.0826,54.4,4.833
1,54,0.0906,54.27,2.066
1,55,0.0863,61.04,5.03
1,56,0.0651,61.67,5.337
1,57,0.0741,77.03,2.352
1,58,0.0848,58.39,4.613
1,59,0.0619,51.22,3.087
1,60,0.0738,60.43,5.176
1,61,0.0782,63.29,2.477
1,62,0.0838,67.19,3.677
1,63,0.0717,54.02,4.892
1,64,0.0656,50.57,4.289
1,65,0.0641,49.7,4.8
1,66,0.0538,45.51,5.193
1,67,0.0786,71.2,3.553
1,68,0.0719,57.84,5.62
1,69,0.058,77.82,4.782
1,70,0.0868,62.54,4.74
1,71,0.0858,72.77,3.845
1,72,0.0765,53.87,2.004
1,73,0.0562,51.25,3.829
1,74,0.0677,79.75,2.736
1,75,0.0985,43.5,5.431
1,76,0.0695,68.13,4.563
1,77,0.0712,47.98,2.978
1,78,0.0597,41.19,3.038
1,79,0.057,43.92,3.603
1,80,0.097,73.68,4.719
1,81,0.0584,77.66,2.633
1,82,0.0651,61.69,5.006
1,83,0.0636,61.65,5.406
1,84,0.0955,53.09,4.759
1,85,0.0874,67.4,3.797
1,86,0.0517,52.29,2.32
1,87,0.0908,42.75,5.036
1,88,0.0815,71.95,2.555
1,89,0.0986,69.07,3.242
1,90,0.0967,67.38,3.847
1,91,0.0744,49.03,2.896
1,92,0.0539,58.65,3.991
1,93,0.0584,58.35,5.211
1,94,0.084,58,2.583
1,95,0.0873,75.94,5.631
1,96,0.0971,53.06,2.887
1,97,0.0858,61.15,5.179
1,98,0.062,51.79,2.102
1,99,0.0822,54.37,2.882
1,100,0.0745,48.92,3.379
1,101,0.053,55.69,3.378
1,102,0.0707,45.82,2.117
1,103,0.0979,53.26,4.452
1,104,0.0733,64.96,4.06
1,105,0.0856,54.88,5.051
1,106,0.0873,66.78,5.317
1,107,0.0711,45.95,2.328
1,108,0.0566,51.99,3.76
1,109,0.0699,78.41,5.472
1,110,0.0687,49.23,2.535
1,111,0.0909,40.1,4.234
1,112,0.0704,75.49,2.986
1,113,0.0821,75.87,2.425
1,114,0.0551,41.16,4.384
1,115,0.0747,68.63,2.863
1,116,0.0673,58.24,3.16
1,117,0.0743,67.13,4.494
1,118,0.0926,59.59,4.726
1,119,0.0662,40.51,5.989
1,120,0.0721,62.3,5.252
1,121,0.0787,45.66,3.33
1,122,0.0633,60.18,3.619
1,123,0.0622,54.18,3.41
1,124,0.0876,40.76,5.411
1,125,0.0512,49.28,5.009
1,126,0.0906,66.57,2.711
1,127,0.0984,78.83,2.239
1,128,0.0689,74.4,4.284
1,129,0.0809,41.82,3.416
1,130,0.0828,53.13,5.065
1,131,0.0586,79.85,3.131
1,132,0.0937,55.08,4.256
1,133,0.0782,61.69,4.236
1,134,0.0606,75.03,3.861
1,135,0.0539,61.32,4.662
1,136,0.0629,73.27,4.075
1,137,0.0747,59,4.307
1,138,0.0732,40.39,2.01
1,139,0.0875,52.05,2.888
1,140,0.069,75.85,3.689
1,141,0.0736,70.32,2.117
1,142,0.0708,60.37,2.356
1,143,0.0934,79.81,5.069
1,144,0.0714,60.28,5.868
1,145,0.0974,57.08,2.008
1,146,0.0992,40.23,3.618
1,147,0.0528,70.58,4.686
1,148,0.0866,45.55,5.552
1,149,0.0629,67.4,4.185
1,150,0.0559,41.52,4.778
1,151,0.0857,64.94,5.735
1,152,0.0731,55.69,4.082
1,153,0.0792,52.03,3.12
1,154,0.0804,46.57,4.738
1,155,0.0516,76.19,4.836
1,156,0.0779,59.28,4.613
1,157,0.0657,76.96,5.449
1,158,0.0707,70.44,2.536
1,159,0.0722,68.38,2.019
1,160,0.0704,60.57,4.857
1,161,0.056,53.83,5.052
1,162,0.0973,52.22,4.034
1,163,0.0574,62.51,4.443
1,164,0.0751,65.23,2.775
1,165,0.0984,60.71,3.421
1,166,0.0517,48.78,4.128
1,167,0.0993,67.09,4.975
1,168,0.0647,51.81,3.503
1,169,0.0998,54.47,2.53
1,170,0.0839,76.42,4.908
1,171,0.0816,40.06,2.224
1,172,0.0911,64.44,4.981
1,173,0.0802,46.49,4.198
1,174,0.0868,68.34,5.134
1,175,0.0553,46.2,4.869
1,176,0.0593,63.89,3.605
1,177,0.0835,59.23,3.651
1,178,0.0825,46.82,3.22
1,179,0.0834,50.42,5.728
1,180,0.0527,64.99,3.901
1,181,0.0817,50.65,2.021
1,182,0.0937,59.3,2.2
1,183,0.0819,68.9,3.986
1,184,0.0698,68.76,4.648
1,185,0.0607,56.35,3.98
1,186,0.0693,72.05,5.775
1,187,0.093,69.61,3.363
1,188,0.0963,46.38,2.006
1,189,0.0901,42.22,4.178
1,190,0.0973,70.23,4.613
1,191,0.091,60.68,5.236
1,192,0.0853,56.38,3.418
1,193,0.059,51.63,2.088
1,194,0.0853,50.68,2.314
1,195,0.0864,52.48,3.197
1,196,0.0923,70.09,4.671
1,197,0.0952,51.05,5.039
1,198,0.0926,68.66,3.66
1,199,0.0777,55.25,5.877
1,200,0.0985,65.69,5.308
1,201,0.0522,66.25,2.212
1,202,0.0746,78.08,4.581
1,203,0.062,55.53,3.882
1,204,0.057,47.63,3.424
1,205,0.0758,68.22,3.401
1,206,0.0817,68.12,5.848
1,207,0.072,77.87,3.68
1,208,0.0889,75.47,5.336
1,209,0.0554,49.19,5.287
1,210,0.0834,41.78,5.506
1,211,0.0689,52.03,2.645
1,212,0.0959,53.86,4.791
1,213,0.0816,41.8,5.977
1,214,0.0549,63.61,3.035
1,215,0.0735,74.4,2.94
1,216,0.0566,41.16,5.369
1,217,0.059,73.21,4.11
1,218,0.093,44.6,5.593
1,219,0.0702,67.44,3.09
1,220,0.0523,69.97,3.626
1,221,0.0629,74.11,2.572
1,222,0.0528,57.77,4.975
1,223,0.0606,62.93,2.92
1,224,0.054,48.59,4.901
1,225,0.064,77.03,4.072
1,226,0.0639,56.15,2.686
1,227,0.0525,43.85,2.584
1,228,0.0672,67,5.365
1,229,0.0627,67.84,4.97
1,230,0.0706,73.69,3.005
1,231,0.0795,57.44,3.916
1,232,0.0907,76.37,4.223
1,233,0.0756,57.65,3.066
1,234,0.0536,49.24,2.891
1,235,0.0548,69.34,5.236
1,236,0.0994,78.87,3.069
1,237,0.0553,64.36,3.993
1,238,0.0827,78.06,5.398
1,239,0.0699,57.35,2.873
1,240,0.099,54.06,5.665
1,241,0.0583,55.66,2.72
1,242,0.0782,53.09,2.235
1,243,0.0815,57.12,5.568
1,244,0.052,70.33,2.225
1,245,0.0513,76.88,3.143
1,246,0.0827,66.55,5.217
1,247,0.0926,54.55,4.298
1,248,0.0853,65.95,5.466
1,249,0.0931,63.97,3.03
1,250,0.0716,42.33,4.104
1,251,0.0643,62.26,2.132
1,252,0.0937,51.41,2.561
1,253,0.0603,75.45,5.079
1,254,0.0686,55.68,4.502
1,255,0.0614,53.12,3.287
1,256,0.0853,76.47,5.369
1,257,0.0731,66.09,5.449
1,258,0.0525,42.88,2.334
1,259,0.0928,65.95,4.316
1,260,0.0643,40.67,5.395
1,261,0.0708,47.89,4.011
1,262,0.0861,59.9,4.611
1,263,0.0556,52.02,3.605
1,264,0.0855,45.05,3.111
1,265,0.0779,50.72,3.376
1,266,0.0851,60.31,5.174
1,267,0.0698,58.11,3.795
1,268,0.0861,67.55,2.615
1,269,0.0502,40.65,5.025
1,270,0.0633,70.28,3.314
1,271,0.0791,78.69,4.77
1,272,0.0858,79.35,4.145
1,273,0.0503,49.47,5.676
1,274,0.0995,52.89,4.128
1,275,0.0722,41.42,4.072
1,276,0.055,53.49,2.587
1,277,0.0759,48.73,2.142
1,278,0.0616,55.69,2.169
1,279,0.0956,55.97,2.608
1,280,0.0686,76.36,5.782
1,281,0.0748,52.49,2.297
1,282,0.053,53.97,2.921
1,283,0.0572,75.78,5.779
1,284,0.0567,68.14,3.036
1,285,0.0711,70.49,4.876
1,286,0.0794,79.76,3.095
1,287,0.0525,74.99,2.567
1,288,0.0692,43.17,4.351
1,289,0.0854,50.12,2.857
1,290,0.0815,71.91,2.808
1,291,0.0946,77.58,4.576
1,292,0.0782,52.31,5.658
1,293,0.0741,41.88,3.432
1,294,0.0759,46.91,4.197
1,295,0.069,49.42,2.884
1,296,0.0715,69.16,5.006
1,297,0.055,65.12,4.567
1,298,0.0619,43.58,3.727
1,299,0.0603,42.24,4.188
1,300,0.0696,60.92,3.987
1,301,0.0669,48.32,2.341
1,302,0.0555,59.57,5.878
1,303,0.0639,60.46,4.297
1,304,0.0601,41.65,5.581
1,305,0.0936,73.82,3.79
1,306,0.0794,59.72,4.199
1,307,0.0966,72.27,3.144
1,308,0.0967,78.59,2.889
1,309,0.0811,48.92,2.864
1,310,0.0612,42.88,5.876
1,311,0.079,45.5,3.203
1,312,0.0638,66.04,4.538
1,313,0.0608,76.33,2.367
1,314,0.0847,72.99,3.412
1,315,0.0658,52.85,5.844
1,316,0.0835,71.72,2.849
1,317,0.0824,75.81,2.697
1,318,0.0525,60.89,3.551
1,319,0.0837,47.89,2.775
1,320,0.0653,63.11,5.915
1,321,0.0687,69.19,3.441
1,322,0.0933,51.71,2.309
1,323,0.0968,65.64,2.959
1,324,0.0802,41.97,5.172
1,325,0.0592,75.64,2.838
1,326,0.0894,61.06,5.223
1,327,0.0531,50.68,5.574
1,328,0.0655,60.01,5.297
1,329,0.0774,56.98,3.122
1,330,0.0845,44.45,3.866
1,331,0.0626,67.79,2.267
1,332,0.0868,78.68,5.853
1,333,0.0993,75.11,3.803
1,334,0.0794,43.05,3.052
1,335,0.0734,62.39,5.322
1,336,0.0545,67.91,2.285
1,337,0.0856,49.9,2.402
1,338,0.0845,42.64,2.434
1,339,0.0732,72.02,2.316
1,340,0.0684,58.3,2.738
1,341,0.0503,57.35,5.122
1,342,0.0628,70.64,2.593
1,343,0.0855,51.7,4.55
1,344,0.0964,70.56,3.477
1,345,0.0888,76.54,3.794
1,346,0.0645,54.6,4.208
1,347,0.0626,69.04,5.119
1,348,0.0715,52.11,4.261
1,349,0.0776,44.64,3.9
1,350,0.0692,79.49,2.926
1,351,0.0522,53.38,5.677
1,352,0.059,44.64,5.609
1,353,0.0761,74.39,3.312
1,354,0.0938,56.93,4.893
1,355,0.0785,67.17,4.63
1,356,0.0919,63.97,3.317
1,357,0.0965,70.98,4.375
1,358,0.0521,62.36,2.82
1,359,0.0644,43.06,3.281
1,360,0.0701,56.41,3.977
2,1,0.0927,77.38,4.045
2,2,0.0965,56.99,4.348
2,3,0.0728,67.92,2.072
2,4,0.0699,54.95,3.611
2,5,0.0681,58.19,4.757
2,6,0.05,40.57,5.214
2,7,0.0725,57.58,5.368
2,8,0.0819,55.01,5.129
2,9,0.0898,71.16,5.322
2,10,0.0786,66.37,3.034
2,11,0.0558,65.46,2.535
2,12,0.0788,51.69,5.49
2,13,0.0556,61.12,5.671
2,14,0.0803,73.6,4.093
2,15,0.0799,59.11,2.854
2,16,0.0878,52.11,2.147
2,17,0.0876,75.28,4.736
2,18,0.0984,60.28,3.363
2,19,0.0614,55.21,4.964
2,20,0.0853,40.3,2.184
2,21,0.0626,77.75,3.552
2,22,0.0874,54.12,2.795
2,23,0.0852,59.9,5.097
2,24,0.0986,58.12,3.424
2,25,0.0676,66.36,3.009
2,26,0.0988,71.36,2.438
2,27,0.0744,41.03,2.429
2,28,0.0854,65.36,2.842
2,29,0.097,43.68,5.518
2,30,0.0716,54.36,4.167
2,31,0.0598,74.7,4.255
2,32,0.0539,78.22,2.475
2,33,0.0876,60.17,5.893
2,34,0.0587,53.19,3.04
2,35,0.0644,68.51,4.335
2,36,0.096,44.32,4.415
2,37,0.0678,71.15,3.569
2,38,0.0675,63.02,4.925
2,39,0.0982,42.27,2.626
2,40,0.0706,79.79,3.904
2,41,0.0646,53.7,3.121
2,42,0.0694,74.1,2.502
2,43,0.0748,67.48,2.958
2,44,0.0507,67.52,2.04
2,45,0.072,68.65,4.069
2,46,0.0858,75.09,3.416
2,47,0.0769,63.9,5.974
2,48,0.086,50.37,4.577
2,49,0.0544,63.05,2.334
2,50,0.0523,69.14,3.065
2,51,0.0822,53.66,3.639
2,52,0.0581,59.96,4.777
2,53,0.0584,42.39,4.707
2,54,0.0952,48.25,3.46
2,55,0.0923,49.71,3.656
2,56,0.072,78.4,2.45
2,57,0.0933,59.61,5.178
2,58,0.0695,71.61,4.371
2,59,0.0915,51.34,4.748
2,60,0.0954,72.63,4.164
2,61,0.0812,43.29,3.535
2,62,0.0834,47.7,5.012
2,63,0.0978,72.83,2.301
2,64,0.099,62.21,2.278
2,65,0.0836,64.64,4.801
2,66,0.0899,57.4,4.887
2,67,0.0721,64.85,3.745
2,68,0.0775,59.03,5.616
2,69,0.0753,57.18,2.353
2,70,0.0743,65.4,5.268
2,71,0.0612,75.67,2.384
2,72,0.0764,71.71,5.283
2,73,0.0534,50.15,2.067
2,74,0.0716,74.42,4.544
2,75,0.0552,76.96,5.181
2,76,0.0591,67.07,3.663
2,77,0.0733,71.23,3.948
2,78,0.0666,54.81,4.877
2,79,0.0637,58.35,5.652
2,80,0.0562,62.93,3.874
2,81,0.0805,52.56,5.462
2,82,0.0676,65.32,2.238
2,83,0.0962,62.7,5.44
2,84,0.0548,50.3,5.071
2,85,0.0993,62.27,5.922
2,86,0.0936,57.61,2.963
2,87,0.0558,55.64,3.767
2,88,0.0921,53.91,5.767
2,89,0.0643,45.22,4.074
2,90,0.0731,49.16,2.227
2,91,0.0555,43.6,3.717
2,92,0.0819,53.55,2.225
2,93,0.0992,73.28,2.118
2,94,0.0821,64.44,4.057
2,95,0.0938,40.62,2.85
2,96,0.0951,77.95,5.384
2,97,0.0817,45.98,4.844
2,98,0.0644,53.57,4.228
2,99,0.0618,60.77,4.18
2,100,0.0561,71.51,5.324
2,101,0.0718,55.57,3.682
2,102,0.0753,51.76,2.197
2,103,0.0949,48.66,2.675
2,104,0.0788,50.82,3.213
2,105,0.0515,63.88,3.11
2,106,0.0713,47.79,4.997
2,107,0.0751,48.76,4.714
2,108,0.0634,71.91,2.27
2,109,0.0691,66.81,5.224
2,110,0.0548,76.66,5.566
2,111,0.0564,71.04,2.675
2,112,0.0863,75.9,2.303
2,113,0.0698,78.8,2.381
2,114,0.0554,60.88,2.823
2,115,0.0937,56.44,5.149
2,116,0.0892,70.83,4.623
2,117,0.0648,71.6,2.758
2,118,0.0554,78.7,2.951
2,119,0.0958,72.03,5.879
2,120,0.0871,63.99,5.563
2,121,0.0858,66.14,3.357
2,122,0.0537,43.49,5.132
2,123,0.0866,61.06,2.332
2,124,0.0752,74.53,5.584
2,125,0.078,44.53,3.267
2,126,0.0602,72.25,4.585
2,127,0.0561,43.97,3.714
2,128,0.0539,67.85,4.358
2,129,0.065,51.26,2.925
2,130,0.0954,43.84,2.933
2,131,0.0858,51.33,5.958
2,132,0.0993,55.16,5.44
2,133,0.0502,66.81,3.294
2,134,0.0757,68.9,4.238
2,135,0.094,55.83,5.337
2,136,0.0573,49.6,3.777
2,137,0.0984,54.26,2.022
2,138,0.0618,76.65,4.197
2,139,0.0736,66.43,4.828
2,140,0.0533,46.16,3.321
2,141,0.0561,69.84,3.021
2,142,0.0671,48.86,5.9
2,143,0.0982,41.19,2.582
2,144,0.0526,66.23,2.68
2,145,0.0716,69.88,4.046
2,146,0.0677,67.59,4.899
2,147,0.0526,79.76,5.324
2,148,0.0966,61.9,5.813
2,149,0.0941,44.36,3.505
2,150,0.0813,58.37,4.352
2,151,0.068,52.8,2.104
2,152,0.0585,65.35,4.097
2,153,0.0632,62.41,3.052
2,154,0.0536,61.06,3.468
2,155,0.0859,78.6,3.667
2,156,0.065,51.81,4.428
2,157,0.0787,62.65,4.341
2,158,0.0502,62.71,3.57
2,159,0.0831,49.45,3.637
2,160,0.092,68.36,3.891
2,161,0.0885,43.52,2.348
2,162,0.0709,48.42,4.896
2,163,0.0769,69.23,2.226
2,164,0.0987,42.05,2.753
2,165,0.0764,56.17,4.628
2,166,0.058,47,4.031
2,167,0.0814,60.3,4.333
2,168,0.0977,41.35,2.291
2,169,0.0511,68.43,4.951
2,170,0.0973,75.2,5.948
2,171,0.0838,67.64,3.201
2,172,0.093,68.49,3.036
2,173,0.0757,70.71,4.088
2,174,0.0898,66.48,4.685
2,175,0.0974,66.7,2.244
2,176,0.0871,66.74,3.928
2,177,0.0989,42.03,3.677
2,178,0.0553,46.02,5.509
2,179,0.0792,44.09,3.23
2,180,0.059,57.92,5.524
2,181,0.0922,79.54,4.003
2,182,0.0653,40.32,2.091
2,183,0.0562,69.01,2.012
2,184,0.061,55.93,5.962
2,185,0.0811,53.94,3.619
2,186,0.0813,45.09,3.558
2,187,0.0505,51.46,3.807
2,188,0.0793,76.89,2.056
2,189,0.0855,53.01,3.899
2,190,0.0542,51.23,4.156
2,191,0.0677,52.34,4.337
2,192,0.0613,51.76,2.775
2,193,0.0765,69.24,4.809
2,194,0.0777,47.05,3.509
2,195,0.0961,49.15,2.722
2,196,0.0864,48.02,4.596
2,197,0.0794,48.11,5.523
2,198,0.0562,70.58,5.726
2,199,0.0965,52.38,3.491
2,200,0.0868,77.85,2.862
2,201,0.0807,73.72,5.543
2,202,0.0891,70.96,2.772
2,203,0.0508,47.22,2.843
2,204,0.0581,65,3.581
2,205,0.0723,56.31,4.42
2,206,0.0542,49.73,3.843
2,207,0.0817,77.72,4.244
2,208,0.0835,64.92,2.339
2,209,0.0623,76.36,4.612
2,210,0.0869,60.93,3.031
2,211,0.0766,64.34,4.611
2,212,0.0685,73.3,3.89
2,213,0.0945,71.74,2.577
2,214,0.0661,51.67,2.528
2,215,0.0725,70.52,3.529
2,216,0.0962,45.37,4.414
2,217,0.0917,45.99,2.616
2,218,0.063,64.2,5.111
2,219,0.0949,66.63,3.655
2,220,0.0723,58.59,5.194
2,221,0.0845,61.46,5.768
2,222,0.0894,40.55,3.222
2,223,0.0835,73.06,2.49
2,224,0.0994,64.42,2.251
2,225,0.0639,45.83,5.215
2,226,0.0826,44.11,2.58
2,227,0.0597,42.35,2.984
2,228,0.0934,55.92,4.23
2,229,0.0633,69.13,2.446
2,230,0.0783,44.19,4.212
2,231,0.074,48.25,5.79
2,232,0.0745,42.42,3.393
2,233,0.0941,42.77,4.646
2,234,0.0756,40.27,4.51
2,235,0.0761,41.74,4.943
2,236,0.0983,54.72,3.071
2,237,0.0746,50.06,5.888
2,238,0.0791,40.92,5.579
2,239,0.0745,47.22,5.26
2,240,0.0904,59.31,5.288
2,241,0.0853,70.28,5.126
2,242,0.08,42.23,3.65
2,243,0.0941,74.08,4.53
2,244,0.0599,45.01,2.181
2,245,0.0827,52.97,3.895
2,246,0.0977,69.97,5.987
2,247,0.0511,75.48,4.732
2,248,0.0926,71.25,2.754
2,249,0.0605,77.34,3.506
2,250,0.0862,79.4,3.573
2,251,0.0801,56.08,5.799
2,252,0.064,66.55,4.654
2,253,0.0864,47.07,5.109
2,254,0.0921,43.08,3.338
2,255,0.0724,44.57,4.91
2,256,0.0838,62.7,2.656
2,257,0.0643,52.65,4.975
2,258,0.099,69.45,2.853
2,259,0.067,63.71,3.991
2,260,0.0595,73.32,2.404
2,261,0.0552,78.57,5.021
2,262,0.0974,58.83,4.313
2,263,0.072,41.43,2.244
2,264,0.0513,60.19,5.411
2,265,0.0529,77.22,5.237
2,266,0.0894,62.16,5.243
2,267,0.0791,56.25,4.845
2,268,0.0975,61.72,4.992
2,269,0.0672,67.66,2.417
2,270,0.0837,73.69,3.894
2,271,0.0803,54.33,2.027
2,272,0.0574,51.05,5.067
2,273,0.0535,51.68,3.208
2,274,0.0567,73.8,2.536
2,275,0.0628,76.92,3.243
2,276,0.0843,63.27,4.309
2,277,0.0657,73.28,3.895
2,278,0.082,42.35,2.351
2,279,0.0714,52.99,4.936
2,280,0.0516,61.19,4.651
2,281,0.0764,73.8,3.983
2,282,0.0629,70.64,5.941
2,283,0.0774,64.35,2.372
2,284,0.0608,44.25,4.301
2,285,0.0668,58.07,4.567
2,286,0.0561,72.1,3.783
2,287,0.0952,64.48,2.96
2,288,0.0754,68.67,5.041
2,289,0.0934,46.08,5.247
2,290,0.0763,70.25,5.596
2,291,0.0986,44.45,2.692
2,292,0.0557,57.66,3.221
2,293,0.06,41.02,4.005
2,294,0.055,67.21,2.476
2,295,0.0892,63.41,4.018
2,296,0.0632,72.12,4.177
2,297,0.0801,66.77,4.804
2,298,0.0744,45.12,4.838
2,299,0.0869,50.46,3.6
2,300,0.0834,43.73,3.746
2,301,0.0581,54.82,5.821
2,302,0.0648,48.13,3.39
2,303,0.09,68.09,5.974
2,304,0.051,61.15,5.909
2,305,0.0693,56.95,5.251
2,306,0.0622,55.36,5.371
2,307,0.051,49.53,3.193
2,308,0.0989,45.87,3.943
2,309,0.0672,73.47,2.973
2,310,0.0719,79.37,4.424
2,311,0.051,66.25,5.217
2,312,0.0628,74.17,3.989
2,313,0.0551,51.04,5.057
2,314,0.0807,52.82,3.173
2,315,0.0666,56.01,3.455
2,316,0.0748,60.25,5.086
2,317,0.0979,79.25,2.554
2,318,0.0954,62.79,5.632
2,319,0.0638,52.15,3.035
2,320,0.0833,70.72,2.182
2,321,0.0902,50.57,4.422
2,322,0.0985,59.58,2.937
2,323,0.0953,54.96,5.392
2,324,0.0546,43.52,3.721
2,325,0.0917,42.27,4.555
2,326,0.0756,75.42,2.82
2,327,0.0702,40.67,2.114
2,328,0.0968,42.89,5.382
2,329,0.0581,58.97,2.957
2,330,0.074,68.12,3.983
2,331,0.0679,51.01,2.038
2,332,0.0786,40.53,2.306
2,333,0.0713,76.25,4.283
2,334,0.0821,64.22,5.477
2,335,0.0691,62.48,3.683
2,336,0.0519,55.94,3.42
2,337,0.072,73.56,4.87
2,338,0.0683,41.24,4.595
2,339,0.0794,52.29,3.035
2,340,0.0758,62.1,5.099
2,341,0.0537,42.32,5.716
2,342,0.0501,76.82,3.415
2,343,0.0945,65.83,3.658
2,344,0.0664,70.91,3.867
2,345,0.0927,42.5,2.714
2,346,0.0872,72.71,3.747
2,347,0.0915,62.9,3.747
2,348,0.0661,72.07,4.102
2,349,0.07,55.93,2.484
2,350,0.0872,42.78,3.635
2,351,0.0545,55.74,3.616
2,352,0.0815,63.73,2.429
2,353,0.0616,55.13,3.85
2,354,0.0543,62.93,5.067
2,355,0.087,61.68,3.077
2,356,0.0507,60.52,3.848
2,357,0.0709,73.73,4.998
2,358,0.0762,71.37,5.36
2,359,0.0523,74.49,3.914
2,360,0.0877,51.24,5.708
3,1,0.0814,75.75,5.23
3,2,0.0547,60.88,3.363
3,3,0.0685,50.94,3.278
3,4,0.0657,71.89,2.019
3,5,0.06,49.94,5.4
3,6,0.0614,47.9,3.171
3,7,0.0615,75.15,2.679
3,8,0.0976,77.85,3.034
3,9,0.0622,40.96,2.624
3,10,0.0588,72.56,5.299
3,11,0.077,63.47,3.591
3,12,0.0607,74.65,4.407
3,13,0.0784,43.94,5.128
3,14,0.0586,78.37,3.147
3,15,0.0925,46.04,2.277
3,16,0.0969,72.01,5.888
3,17,0.0611,68.16,2.816
3,18,0.0611,70.51,3.716
3,19,0.0969,65.06,3.001
3,20,0.0514,76.44,2.177
3,21,0.0638,45.11,3.587
3,22,0.0549,66.64,3.708
3,23,0.0718,72.49,2.333
3,24,0.0905,79.26,5.206
3,25,0.0665,75.57,2.618
3,26,0.0867,67.69,4.116
3,27,0.0987,50.25,3.654
3,28,0.0869,62.62,5.724
3,29,0.096,78.56,3.454
3,30,0.0502,67.21,5.344
3,31,0.0671,49.54,3.889
3,32,0.0631,78.73,3.403
3,33,0.0785,55.83,3.09
3,34,0.0923,73.77,5.01
3,35,0.0639,52.71,4.713
3,36,0.0749,76.43,4.892
3,37,0.0636,49.53,2.958
3,38,0.0595,71.36,5.448
3,39,0.0687,73.54,2.6
3,40,0.0841,60.49,5.502
3,41,0.0965,77.61,3.386
3,42,0.0515,50,2.859
3,43,0.0651,65.39,5.568
3,44,0.0729,55.17,2.348
3,45,0.0893,54.24,3.282
3,46,0.0759,70.62,2.01
3,47,0.0673,77.77,3.124
3,48,0.058,60.89,5.91
3,49,0.0832,67.18,5.068
3,50,0.0985,53.76,4.925
3,51,0.094,53.37,2.66
3,52,0.057,73.79,5.607
3,53,0.0628,55.85,3.044
3,54,0.0965,64.87,4.262
3,55,0.0669,63.31,2.288
3,56,0.0537,42.98,5.298
3,57,0.0896,77.08,3.987
3,58,0.0763,66.98,3.314
3,59,0.0753,58.1,4.045
3,60,0.0502,52.87,2.204
3,61,0.0529,61.8,5.097
3,62,0.0973,47.15,4.246
3,63,0.0796,60.66,2.135
3,64,0.0512,59.53,2.296
3,65,0.0778,69.38,3.545
3,66,0.0846,57.3,5.687
3,67,0.099,74.14,4.19
3,68,0.072,58.22,2.219
3,69,0.0885,69.73,4.583
3,70,0.0671,58.15,5.406
3,71,0.0877,68.7,4.994
3,72,0.0577,61.11,3.308
3,73,0.0501,57.74,5.467
3,74,0.0969,79.07,4.257
3,75,0.0879,50.59,4.911
3,76,0.0578,66.54,4.917
3,77,0.0832,48.51,3.036
3,78,0.0928,66.38,4.178
3,79,0.0817,48.43,5.336
3,80,0.0881,52.25,3.96
3,81,0.0975,72.62,3.827
3,82,0.0566,57.55,2.979
3,83,0.0885,68.47,5.131
3,84,0.0662,70.85,3.879
3,85,0.0767,52.64,4.712
3,86,0.0821,76.74,5.799
3,87,0.082,58.06,2.086
3,88,0.0814,66.91,3.499
3,89,0.0831,57.05,3.205
3,90,0.0719,78.91,2.774
3,91,0.0792,42.09,2.606
3,92,0.0592,66.43,4.906
3,93,0.0898,59.93,2.226
3,94,0.072,62.21,2.091
3,95,0.0937,42.05,3.273
3,96,0.0598,70.02,5.463
3,97,0.099,63.28,5.469
3,98,0.0522,77.77,3.391
3,99,0.0551,57.58,3.219
3,100,0.091,79.98,3.98
3,101,0.0921,41.85,5.867
3,102,0.077,64.11,2.79
3,103,0.0832,71.71,4.863
3,104,0.0655,53.9,2.009
3,105,0.058,66.51,5.506
3,106,0.0667,67.82,5.659
3,107,0.0783,63.5,2.723
3,108,0.0816,53.94,4.782
3,109,0.0599,40.62,5.022
3,110,0.0588,43.32,2.54
3,111,0.0644,53.25,4.439
3,112,0.068,53.64,4.086
3,113,0.0543,51.95,2.995
3,114,0.0846,44.24,2.527
3,115,0.06,67.24,5.536
3,116,0.0774,46.55,2.421
3,117,0.0698,72.33,4.187
3,118,0.0853,50.37,5.546
3,119,0.0727,62.61,4.107
3,120,0.0987,46.29,4.106
3,121,0.0656,63.2,5.674
3,122,0.0781,66.65,4.686
3,123,0.0957,53.3,3.879
3,124,0.0524,59.23,5.21
3,125,0.0696,44.22,2.125
3,126,0.0659,45.07,4.32
3,127,0.0597,71.55,5.004
3,128,0.079,57.55,4.772
3,129,0.0847,71.81,4.54
3,130,0.0674,55.4,5.257
3,131,0.052,78.02,3.165
3,132,0.089,56.27,4.897
3,133,0.0744,71.44,4.769
3,134,0.0854,70.31,5.308
3,135,0.0906,66.34,4.795
3,136,0.0797,68.54,3.159
3,137,0.0906,61.11,2.235
3,138,0.0532,59.12,5.147
3,139,0.0943,79.43,4.659
3,140,0.0567,41.05,2.016
3,141,0.0537,69.35,2.772
3,142,0.0606,42.09,4.855
3,143,0.0588,66.84,2.763
3,144,0.0603,49.64,3.536
3,145,0.0567,54.38,4.919
3,146,0.0676,40.9,4.561
3,147,0.0773,75.74,3.363
3,148,0.0713,65.51,3.708
3,149,0.0808,76.78,2.528
3,150,0.0982,76.18,4.39
3,151,0.0731,54.61,5.489
3,152,0.0772,53.37,3.717
3,153,0.098,63.59,4.887
3,154,0.0876,44.27,3.477
3,155,0.0576,78.4,4.763
3,156,0.0896,50.93,5.145
3,157,0.087,51.51,2.064
3,158,0.0745,50.73,5.727
3,159,0.086,61.46,3.047
3,160,0.0936,78.89,4.809
3,161,0.0596,67.75,3.696
3,162,0.0884,79.35,4.786
3,163,0.0965,41.52,5.361
3,164,0.0587,40.41,3.46
3,165,0.0737,63.37,4.889
3,166,0.0508,78.12,5.179
3,167,0.0942,43.84,4.601
3,168,0.0576,65,4.774
3,169,0.0907,65.85,4.482
3,170,0.0963,55.76,5.087
3,171,0.0669,77.07,3.917
3,172,0.0831,77.68,2.005
3,173,0.0886,59.69,4.736
3,174,0.0532,54.72,2.19
3,175,0.0976,44.55,3.727
3,176,0.0771,47.09,3.774
3,177,0.0659,71.02,5.448
3,178,0.0781,77.52,3.537
3,179,0.0801,70.67,5.27
3,180,0.0849,76.27,5.08
3,181,0.0612,53.48,5.923
3,182,0.0806,57.87,3.327
3,183,0.0579,53.24,3.641
3,184,0.0869,52.86,2.106
3,185,0.0535,48.11,5.259
3,186,0.0934,52.78,2.077
3,187,0.0821,67.95,4.593
3,188,0.068,70.2,5.625
3,189,0.0508,42.35,3.713
3,190,0.081,69.62,5.669
3,191,0.066,45.9,3.109
3,192,0.0996,66.63,4.123
3,193,0.0825,77.18,2.325
3,194,0.091,75.5,3.313
3,195,0.0965,70.19,3.075
3,196,0.0604,59.1,5.918
3,197,0.0737,52.78,3.53
3,198,0.071,74.91,4.426
3,199,0.0824,52.4,2.524
3,200,0.0921,68.69,3.196
3,201,0.0724,55.61,3.142
3,202,0.0525,59.07,4.289
3,203,0.0531,65.18,4.283
3,204,0.082,48.51,3.566
3,205,0.0934,53.34,4.358
3,206,0.0895,59.69,2.513
3,207,0.0585,50.78,5.214
3,208,0.0865,52.7,3.621
3,209,0.0901,71.53,4.805
3,210,0.0618,71.41,3.279
3,211,0.0704,60.37,5.095
3,212,0.076,59.18,5.405
3,213,0.0574,48.34,4.918
3,214,0.0952,72.8,5.283
3,215,0.0545,42.33,2.163
3,216,0.0592,54.19,2.29
3,217,0.0987,46.54,4.578
3,218,0.0989,44.25,3.146
3,219,0.092,57.07,2.859
3,220,0.0948,68.47,2.23
3,221,0.0804,59.35,2.99
3,222,0.0528,49.54,5.708
3,223,0.0615,57.33,5.696
3,224,0.0773,64.21,4.917
3,225,0.0594,49.7,2.336
3,226,0.0732,46.29,4.947
3,227,0.0725,73.95,4.29
3,228,0.0846,45.48,3.585
3,229,0.096,46.35,2.449
3,230,0.0879,43.02,4.312
3,231,0.065,67.69,5.188
3,232,0.0962,55.1,3.845
3,233,0.07,77.49,3.33
3,234,0.0972,62.58,5.028
3,235,0.078,54.24,5.463
3,236,0.0753,72.08,3.74
3,237,0.0885,44.07,5.685
3,238,0.0571,61.64,3.347
3,239,0.0998,50.9,5.522
3,240,0.0768,44.03,5.301
3,241,0.062,58.26,5.101
3,242,0.0564,62.4,4.179
3,243,0.0798,66.51,2.378
3,244,0.0557,43.83,3.941
3,245,0.0971,52.43,5.051
3,246,0.0619,73.69,3.209
3,247,0.0734,78.41,4.436
3,248,0.0914,52.63,2.536
3,249,0.0969,62.25,3.879
3,250,0.0817,66.3,3.819
3,251,0.0707,60.13,5.28
3,252,0.0808,76.21,5.456
3,253,0.0646,70.28,3.903
3,254,0.0536,51.5,4.07
3,255,0.0532,49.24,3.188
3,256,0.0745,43.63,5.894
3,257,0.0769,76.95,4.986
3,258,0.0756,49.77,2.022
3,259,0.0767,54.03,4.306
3,260,0.0942,58.22,3.54
3,261,0.0685,65.79,2.789
3,262,0.0559,40.66,2.777
3,263,0.0595,43.32,4.034
3,264,0.0754,75.58,3.855
3,265,0.0882,61.69,3.462
3,266,0.0724,61.69,4.527
3,267,0.0952,66.95,2.285
3,268,0.0964,49.89,3.243
3,269,0.0674,67.64,3.617
3,270,0.0738,77.52,5.319
3,271,0.0966,44.39,5.875
3,272,0.0812,60.62,4.834
3,273,0.0697,72.36,4.879
3,274,0.0618,41.81,5.051
3,275,0.051,66.28,3.36
3,276,0.0507,43.54,2.9
3,277,0.094,69.3,4.729
3,278,0.0993,78.02,2.408
3,279,0.0585,79.27,4.89
3,280,0.0516,57.85,3.129
3,281,0.0514,43.78,2.159
3,282,0.0936,74.46,3.449
3,283,0.0901,46.45,2.744
3,284,0.0633,77.95,5.386
3,285,0.0506,48.23,5.959
3,286,0.0722,44.78,5.51
3,287,0.0752,55.5,5.646
3,288,0.0761,47.74,4.469
3,289,0.0678,76.39,4.531
3,290,0.0626,61.17,4.425
3,291,0.0607,55,5.898
3,292,0.0654,73.3,4.988
3,293,0.0776,43.95,2.309
3,294,0.0824,51.28,2.969
3,295,0.0653,43.74,4.203
3,296,0.0613,53.01,2.593
3,297,0.0611,56.65,3.147
3,298,0.0737,53.15,3.834
3,299,0.0845,40.49,4.112
3,300,0.0658,77.51,4.276
3,301,0.075,65.36,3.244
3,302,0.0521,75.65,2.844
3,303,0.0557,52.63,4.57
3,304,0.0908,55.13,4.839
3,305,0.0755,69.76,3.458
3,306,0.0699,65.32,3.425
3,307,0.0731,47.75,5.743
3,308,0.0696,57.08,4.827
3,309,0.089,60.18,3.797
3,310,0.0857,78.87,4.694
3,311,0.0838,47.62,2.772
3,312,0.0689,62.15,4.376
3,313,0.0788,78.69,2.783
3,314,0.084,73.6,5.991
3,315,0.0535,77.71,5.367
3,316,0.0595,46.45,4.406
3,317,0.0774,70.96,2.445
3,318,0.098,78.56,5.547
3,319,0.0564,52.17,4.359
3,320,0.0852,55.48,4.949
3,321,0.0807,75.96,3.111
3,322,0.0646,48,4.672
3,323,0.0682,65.68,4.331
3,324,0.0788,72.24,4.012
3,325,0.0841,76.87,4.343
3,326,0.0751,76.71,5.867
3,327,0.0747,49.16,5.004
3,328,0.0846,67.18,3.993
3,329,0.0851,40.56,2.247
3,330,0.0598,66.53,2.879
3,331,0.0592,53.98,4.736
3,332,0.0663,54.06,4.692
3,333,0.0843,40.8,4.392
3,334,0.0985,58.35,3.923
3,335,0.0515,71.55,4.031
3,336,0.0851,77.74,3.22
3,337,0.0711,67.57,3.178
3,338,0.0996,58.68,3.88
3,339,0.0856,74.58,5.071
3,340,0.051,44.15,3.282
3,341,0.0996,45.67,4.983
3,342,0.0861,69.67,4.148
3,343,0.0608,66.25,4.194
3,344,0.0537,55.72,2.434
3,345,0.0596,62.83,3.321
3,346,0.0839,66.14,2.448
3,347,0.0758,49.57,2.255
3,348,0.0628,76.85,2.328
3,349,0.0817,46.17,4.185
3,350,0.0967,68.32,3.796
3,351,0.0979,64.79,5.383
3,352,0.0534,59.34,2.99
3,353,0.0737,72.66,2.625
3,354,0.0968,78.41,2.774
3,355,0.0738,48.2,4.109
3,356,0.0517,46.69,4.116
3,357,0.0973,51.87,2.073
3,358,0.083,41.25,5.281
3,359,0.0842,70.61,5.342
3,360,0.09,59.96,2.037
